-- phpMyAdmin SQL Dump
-- version 3.3.9.2deb1
-- http://www.phpmyadmin.net
--
-- Servidor: localhost
-- Tiempo de generación: 03-07-2011 a las 20:35:05
-- Versión del servidor: 5.1.49
-- Versión de PHP: 5.3.3-7

SET SQL_MODE="NO_AUTO_VALUE_ON_ZERO";


/*!40101 SET @OLD_CHARACTER_SET_CLIENT=@@CHARACTER_SET_CLIENT */;
/*!40101 SET @OLD_CHARACTER_SET_RESULTS=@@CHARACTER_SET_RESULTS */;
/*!40101 SET @OLD_COLLATION_CONNECTION=@@COLLATION_CONNECTION */;
/*!40101 SET NAMES utf8 */;

--
-- Base de datos: `memoria2-team`
--

--
-- Volcar la base de datos para la tabla `Team`
--

INSERT INTO `Team` (`teamId`, `description`, `name`) VALUES
(1, NULL, NULL),
(2, NULL, NULL),
(3, NULL, NULL),
(4, NULL, NULL),
(5, NULL, NULL),
(6, NULL, NULL),
(7, NULL, NULL),
(8, NULL, NULL),
(9, NULL, NULL),
(10, NULL, NULL),
(11, NULL, NULL),
(12, NULL, NULL),
(13, NULL, NULL),
(14, NULL, NULL),
(15, NULL, NULL),
(16, NULL, NULL),
(17, NULL, NULL),
(18, NULL, NULL),
(19, NULL, NULL),
(20, NULL, NULL),
(21, NULL, NULL),
(22, NULL, NULL),
(23, NULL, NULL),
(24, NULL, NULL),
(25, NULL, NULL),
(26, NULL, NULL),
(27, NULL, NULL),
(28, NULL, NULL),
(29, NULL, NULL),
(30, NULL, NULL),
(31, NULL, NULL),
(32, NULL, NULL),
(33, NULL, NULL),
(34, NULL, NULL),
(35, NULL, NULL),
(36, NULL, NULL),
(37, NULL, NULL),
(38, NULL, NULL),
(39, NULL, NULL),
(40, NULL, NULL),
(41, NULL, NULL),
(42, NULL, NULL),
(43, NULL, NULL),
(44, NULL, NULL);

--
-- Volcar la base de datos para la tabla `Team_User`
--

INSERT INTO `Team_User` (`teams_teamId`, `users_userId`) VALUES
(23, 2),
(29, 2),
(31, 2),
(34, 2),
(38, 2),
(39, 2),
(42, 3),
(43, 1),
(43, 2);

--
-- Volcar la base de datos para la tabla `User`
--

INSERT INTO `User` (`userId`) VALUES
(0),
(1),
(2),
(3),
(4);
